N_opt,avg_expH,std_expH,avg_expH_enhanced,std_expH_enhanced,avg_expH_enhanced_SDPvalue,std_expH_enhanced_SDPvalue,N,N_meas,Initial_state
0,3.999999999999997,0.0,3.999999999999997,0.0,3.999999999999997,0.0,4,5,++
1,2.0,0.0,2.0,0.0,-5.656903509742548,0.0,4,5,++
2,2.0,0.0,3.0,0.0,-5.656856076587629,0.0,4,5,++
3,-1.0,0.0,2.0,0.0,-5.6568794524576,0.0,4,5,++
4,1.0,0.0,-1.0,0.0,-5.656831434308174,0.0,4,5,++
5,0.0,0.0,2.333333333333333,0.0,-5.6567980672025575,0.0,4,5,++
